<?xml version="1.0" encoding="UTF-8" ?>
<odoo>
    <data>
        <record id="change_state_contacts" model="ir.actions.server">
            <field name="name">State Change</field>
            <field name="model_id" ref="model_vehicle_repair"/>
            <field name="binding_model_id" ref="vehicle_repair.model_vehicle_repair"/>
            <field name="binding_view_types">list</field>
            <field name="state">code</field>
            <field name="code">
                action = records.change_state()
            </field>
        </record>
    </data>
</odoo>